{"tfjsVersion":"1.3.1","tmVersion":"2.4.5","packageVersion":"0.8.4-alpha2","packageName":"@teachablemachine/image","timeStamp":"2022-12-11T18:40:07.736Z","userMetadata":{},"modelName":"tastyScan PWA","labels":["eggplant","tomato","red onion","Cauliflower","Corn","Celery","Okra","Upo","Malunggay","Munggo","Sayote","Patani","Cucumber","Papaya","Squash","Banana Bell","Sweet potato leaves","Lettuce","Asparagus","Bell pepper","Broccoli","Petchay","Carrots","Sitaw","Repolyo","Radish","Garlic","Potato","Ampalaya","Ginger","Kiwi","Apple","Lemon","Orange","Avocado","Grapes","Mango","Peaches","Dragon fruit","Egg"],"imageSize":224}